Workbook

Sheet Como usar
A1: Testes exploratórios manuais | Verzel Store
A3: Entrega testada | B3: VZS-142, cupom de desconto e frete grátis, versão 2.3.0
A4: Ambiente | B4: https://verzel-store.qa-test-verzel-store.workers.dev/
A5: O que é | B5: 25 cenários feitos à mão, fora dos cenários automatizados, para procurar o que a documentação não previu.
A6: Como executar | B6: 1. Abra a loja em uma aba nova. Cada cenário começa com o carrinho vazio: use "Esvaziar carrinho" entre um cenário e outro. 2. Siga a coluna Passos e compare com a coluna Resultado esperado. 3. Tire o print indicado e salve em docs/evidencias/exploratorios/ com o nome da coluna Print a tirar. 4. Preencha as três colunas amarelas da aba Roteiro.
A7: Células para preencher | B7: Só as colunas amarelas da aba Roteiro: Resultado (lista com Passou, Falhou e Observação), O que aconteceu e Data. A aba Resumo se atualiza sozinha.
A8: Tipo de resultado | B8: Resultado esperado definido: há um resultado certo para comparar. Registrar o comportamento: a documentação não cobre o caso. Anote o que a loja faz e marque Observação. Falha conhecida: o cenário reproduz um bug já reportado em docs/bugs.md e deve falhar.
A9: Conferido na loja antes | B9: Sim: o resultado esperado foi visto na loja em 06/10/2026, antes de o roteiro ser escrito. Em parte: só uma parte do cenário foi vista. A coluna Notas diz qual. Não: o resultado esperado é o comportamento que a loja deveria ter e ainda não foi visto.
A10: Cenários de API | B10: Use qualquer cliente HTTP (Postman, Insomnia ou a extensão REST Client do VS Code). O print é da tela do cliente com a requisição e a resposta.
A11: Origem | B11: Mesmo conteúdo de docs/testes-exploratorios.md. Preencha os resultados em um dos dois, para não manter duas versões.
A13: Exemplo de preenchimento | B13: Linha de exemplo, só para mostrar o formato. Não é um resultado real.
A14: ID | Resultado | O que aconteceu | Data | B14: TE-00 | Passou | Cupom aplicado com Enter. Desconto - R$ 10,00 e total R$ 109,90. Print salvo como TE-00.png. | 06/10/2026

Sheet Roteiro
A1: ID | B1: Sessão | C1: Cenário | D1: Passos | E1: Resultado esperado | F1: Tipo de resultado | G1: Conferido na loja antes | H1: Print a tirar | I1: Notas | J1: Resultado | K1: O que aconteceu | L1: Data
A2: TE-01 | B2: 1. Cupom no carrinho | C2: Aplicar o cupom pela tecla Enter | D2: 1. Adicionar 1 Mochila Urbana 20L e abrir o Carrinho. 2. Clicar no campo "Cupom de desconto", digitar BEMVINDO10 e apertar Enter, sem usar o mouse. | E2: O cupom é aplicado como se o botão "Aplicar cupom" fosse clicado. Desconto - R$ 10,00 e total R$ 109,90. | F2: Resultado esperado definido | G2: Não | H2: TE-01.png | I2: O resultado esperado é o comportamento que a loja deveria ter. Não foi conferido antes.
A3: TE-02 | B3: 1. Cupom no carrinho | C3: Corrigir o cupom depois de um erro | D3: 1. Adicionar 1 Mochila Urbana 20L e abrir o Carrinho. 2. Aplicar o cupom NAOEXISTE. 3. Sem recarregar a página, apagar o campo, digitar bemvindo10 e aplicar. | E3: Passo 2: aparece "Cupom inválido." e o total continua R$ 119,90. Passo 3: a mensagem de erro some, aparece "Cupom BEMVINDO10 aplicado." e o total passa a R$ 109,90. | F3: Resultado esperado definido | G3: Sim | H3: TE-02-a.png e TE-02-b.png
A4: TE-03 | B4: 1. Cupom no carrinho | C4: Cupom depois de remover o último item | D4: 1. Adicionar 1 Mochila Urbana 20L, abrir o Carrinho e aplicar BEMVINDO10. 2. Clicar em "Remover" na linha da mochila. O carrinho fica vazio. 3. Voltar à vitrine, adicionar 1 Garrafa Térmica 750ml e abrir o Carrinho. 4. Repetir os passos 1 a 3 usando "Esvaziar carrinho" no lugar de "Remover". | E4: A documentação não cobre. Registrar: o carrinho novo abre com o cupom já aplicado ou sem cupom? Os dois caminhos se comportam igual? | F4: Registrar o comportamento | G4: Sim | H4: TE-03-a.png e TE-03-b.png | I4: Na conferência de 06/10/2026: com "Remover" o cupom continuou aplicado no carrinho novo; com "Esvaziar carrinho" o cupom foi removido.
A5: TE-04 | B5: 1. Cupom no carrinho | C5: Cupom ao recarregar a página e ao ir e voltar da finalização | D5: 1. Adicionar 1 Mochila Urbana 20L e 1 Garrafa Térmica 750ml, abrir o Carrinho e aplicar BEMVINDO10. 2. Recarregar a página (F5). 3. Clicar em "Finalizar compra" e depois em "Voltar ao carrinho". | E5: Nos passos 2 e 3 os itens, o cupom e os valores continuam os mesmos: subtotal R$ 150,00, desconto - R$ 15,00, frete R$ 19,90 e total R$ 154,90. | F5: Resultado esperado definido | G5: Sim | H5: TE-04.png
A6: TE-05 | B6: 2. Frete e valores | C6: Cruzar o limite do frete grátis com cupom aplicado | D6: 1. Adicionar 1 Tênis Casual Urbano, abrir o Carrinho e aplicar BEMVINDO10. 2. Voltar à vitrine, adicionar 1 Kit 3 Pares de Meias e abrir o Carrinho. 3. Remover o Kit 3 Pares de Meias. | E6: Passo 1: subtotal R$ 189,90, desconto - R$ 18,99, frete R$ 19,90, total R$ 190,81, aviso "Faltam R$ 10,10 para o frete grátis." Passo 2: subtotal R$ 219,80, desconto - R$ 21,98, frete Grátis, total R$ 197,82, sem aviso. Passo 3: volta aos valores do passo 1. | F6: Resultado esperado definido | G6: Em parte | H6: TE-05.png | I6: No passo 2 o valor pago fica abaixo de R$ 200,00 e o frete continua grátis, porque a regra olha o subtotal antes do desconto (CA08). Conferido em parte: os valores do passo 1 foram vistos na API; os do passo 2 saem da regra de cálculo.
A7: TE-06 | B7: 2. Frete e valores | C7: Subtotal de exatamente R$ 200,00, montado à mão | D7: 1. Adicionar 2 Mochilas Urbanas 20L e abrir o Carrinho. 2. Esvaziar e repetir com 4 Garrafas Térmicas 750ml. 3. Esvaziar e repetir com 1 Mochila Urbana 20L e 2 Garrafas Térmicas 750ml. | E7: Subtotal R$ 200,00, frete Grátis, total R$ 200,00 e nenhum aviso de valor faltante (CA06). | F7: Falha conhecida | G7: Sim | H7: TE-06-a.png, TE-06-b.png e TE-06-c.png | I7: Reproduz o BUG-01: a loja cobra R$ 19,90 e mostra "Faltam R$ 0,00 para o frete grátis."
A8: TE-07 | B8: 2. Frete e valores | C8: Carrinho no máximo: 5 unidades de cada um dos 8 produtos | D8: 1. Adicionar 5 unidades de cada produto da vitrine e abrir o Carrinho. 2. Aplicar BEMVINDO10. 3. Clicar em "Finalizar compra". | E8: Contador do carrinho em 40. Subtotal R$ 4.247,00, com ponto de milhar. Com o cupom: desconto - R$ 424,70, frete Grátis e total R$ 3.822,30. Na finalização, as 8 linhas de itens aparecem com os mesmos valores, sem texto cortado ou sobreposto. | F8: Resultado esperado definido | G8: Sim | H8: TE-07-a.png e TE-07-b.png
A9: TE-08 | B9: 3. Quantidade | C9: O limite de 5 unidades resiste a recarregar e a trocar de página | D9: 1. Na vitrine, adicionar 5 unidades do Boné Aba Curva. 2. Recarregar a página (F5) e tentar adicionar mais uma unidade. 3. Abrir o Carrinho, voltar à vitrine e tentar de novo. 4. No Carrinho, tentar clicar no botão + do boné. | E9: Em todos os passos o produto continua com 5 unidades. Na vitrine o botão "Adicionar ao carrinho" fica desabilitado, com "Limite de 5 unidades atingido.". No carrinho o botão + fica desabilitado, com "Limite de 5 unidades por produto." (CA10). | F9: Resultado esperado definido | G9: Em parte | H9: TE-08.png | I9: Conferido em parte: o bloqueio com 5 unidades foi visto na vitrine e no carrinho; o passo de recarregar a página não foi executado.
A10: TE-09 | B10: 3. Quantidade | C10: O contador do carrinho soma unidades, não produtos | D10: 1. Adicionar 3 Camisetas Essenciais e 2 Bonés Aba Curva. 2. Abrir o Carrinho e diminuir a camiseta para 1 unidade. | E10: Passo 1: contador em 5 e subtotal R$ 279,50. Passo 2: contador em 3, subtotal R$ 159,70 e frete de volta a R$ 19,90. | F10: Resultado esperado definido | G10: Em parte | H10: TE-09.png | I10: Conferido em parte: o contador somando unidades foi visto com outros itens; os valores deste cenário saem da regra de cálculo.
A11: TE-10 | B11: 4. Finalização da compra | C11: Nome com acentos, apóstrofo e espaços a mais | D11: 1. Adicionar 1 Mochila Urbana 20L e ir até a finalização. 2. Preencher o nome com espaços no início, no meio e no fim: " José Antônio D'Ávila ". E-mail jose@exemplo.com e CEP 01310100. 3. Confirmar o pedido. | E11: O pedido é confirmado e a tela agradece com "Obrigado, José.". Acentos e apóstrofo não quebram a tela. | F11: Resultado esperado definido | G11: Sim | H11: TE-10.png | I11: Na conferência o nome foi digitado em minúsculas e a tela mostrou "Obrigado, josé.": a loja exibe o nome como foi digitado.
A12: TE-11 | B12: 4. Finalização da compra | C12: Dados digitados ao sair da finalização e voltar | D12: 1. Adicionar 1 Mochila Urbana 20L e ir até a finalização. 2. Preencher nome, e-mail e CEP, sem confirmar. 3. Clicar em "Voltar ao carrinho" e depois em "Finalizar compra". | E12: A documentação não cobre. Registrar: os dados digitados continuam no formulário ou somem? | F12: Registrar o comportamento | G12: Sim | H12: TE-11.png | I12: Na conferência de 06/10/2026 os dados sumiram ao voltar. Se confirmar, é uma observação de usabilidade para levar ao time.
A13: TE-12 | B13: 4. Finalização da compra | C13: Duplo clique em "Confirmar pedido" | D13: 1. Adicionar 1 Mochila Urbana 20L, ir até a finalização e preencher dados válidos. 2. Abrir as ferramentas do desenvolvedor (F12), aba Rede. 3. Dar um duplo clique rápido em "Confirmar pedido". | E13: Uma única requisição POST /api/pedidos na aba Rede e uma única tela de pedido confirmado. Enquanto o pedido é enviado, o botão fica indisponível. | F13: Resultado esperado definido | G13: Não | H13: TE-12.png | I13: O resultado esperado é o comportamento que a loja deveria ter. Não foi conferido antes.
A14: TE-13 | B14: 4. Finalização da compra | C14: Botão voltar do navegador depois de confirmar o pedido | D14: 1. Concluir um pedido válido até a tela de pedido confirmado. 2. Clicar no botão voltar do navegador. | E14: A loja não reenvia o pedido nem reabre o formulário preenchido. O carrinho aparece vazio, com o contador em 0. | F14: Resultado esperado definido | G14: Sim | H14: TE-13.png
A15: TE-14 | B15: 4. Finalização da compra | C15: Recarregar a tela de pedido confirmado | D15: 1. Concluir um pedido válido com o cupom BEMVINDO10. 2. Na tela de pedido confirmado, recarregar a página (F5). | E15: O mesmo número de pedido e os mesmos valores continuam na tela. Nenhum pedido novo é criado. | F15: Resultado esperado definido | G15: Sim | H15: TE-14.png
A16: TE-15 | B16: 4. Finalização da compra | C16: Corrigir um campo inválido e confirmar | D16: 1. Adicionar 1 Mochila Urbana 20L e ir até a finalização. 2. Preencher nome Maria, e-mail maria@exemplo.com e CEP 01310-100 e confirmar. 3. Corrigir o nome para Maria Silva e confirmar de novo. | E16: Passo 2: aparece "Informe nome e sobrenome." e os outros campos continuam preenchidos. Passo 3: o erro some e o pedido é confirmado. | F16: Resultado esperado definido | G16: Em parte | H16: TE-15-a.png e TE-15-b.png | I16: Conferido em parte: o erro do passo 2 foi visto; corrigir e confirmar em seguida não foi executado nessa sequência.
A17: TE-16 | B17: 4. Finalização da compra | C17: Formatos de CEP | D17: Na finalização, com nome e e-mail válidos, tentar confirmar com cada CEP: 1. 01310-100 2. 01310100 3. 0131-0100 (hífen fora da posição) 4. 01.310-100 (com ponto) 5. 01310-100 com espaços nas pontas | E17: CEPs 1 e 2: aceitos. CEPs 3 e 4: "Informe um CEP com 8 dígitos." CEP 5: a documentação não cobre, registrar o comportamento. | F17: Resultado esperado definido | G17: Em parte | H17: TE-16.png | I17: A documentação diz "8 dígitos, com ou sem hífen" e não fala de espaços nem da posição do hífen (docs/ambiguidades.md, item 4). Conferido em parte: os cinco formatos foram enviados à API (1, 2 e 5 aceitos; 3 e 4 recusados). Na tela foram vistos os formatos 1, 2 e 5, todos aceitos.
A18: TE-17 | B18: 5. Navegação e ambiente | C18: Endereço que não existe | D18: 1. Abrir https://verzel-store.qa-test-verzel-store.workers.dev/pagina-inexistente | E18: A loja mostra "Página não encontrada", com um caminho de volta para os produtos, e não uma tela em branco. | F18: Resultado esperado definido | G18: Sim | H18: TE-17.png
A19: TE-18 | B19: 5. Navegação e ambiente | C19: Carrinho em outra aba e em janela anônima | D19: 1. Adicionar 2 produtos ao carrinho. 2. Abrir a loja em uma aba nova e depois em uma janela anônima. | E19: A aba nova e a janela anônima começam com o carrinho vazio, e a aba original continua com os 2 produtos. | F19: Resultado esperado definido | G19: Não | H19: TE-18.png | I19: Esperado e não é bug: está descrito em "Sobre este ambiente". O cenário confirma que o comportamento é o documentado. Não foi conferido antes.
A20: TE-19 | B20: 5. Navegação e ambiente | C20: Tela estreita, como a de um celular | D20: 1. Abrir as ferramentas do desenvolvedor (F12) e ativar o modo de dispositivo, com largura de 375 px. 2. Adicionar 3 produtos, abrir o Carrinho, aplicar BEMVINDO10 e ir até a finalização. | E20: Todos os botões, valores e mensagens ficam visíveis e clicáveis, sem conteúdo cortado e sem barra de rolagem horizontal. | F20: Resultado esperado definido | G20: Não | H20: TE-19-a.png e TE-19-b.png | I20: O resultado esperado é o comportamento que a loja deveria ter. Não foi conferido antes.
A21: TE-20 | B21: 5. Navegação e ambiente | C21: Compra inteira só com o teclado | D21: 1. Sem usar o mouse, navegar com Tab e ativar com Enter: adicionar um produto, abrir o Carrinho, aplicar BEMVINDO10, ir até a finalização, preencher os dados e confirmar. | E21: É possível concluir a compra. O foco fica sempre visível e segue a ordem da tela. | F21: Resultado esperado definido | G21: Não | H21: TE-20.png | I21: O resultado esperado é o comportamento que a loja deveria ter. Não foi conferido antes.
A22: TE-21 | B22: 6. API chamada direto | C22: Campos de preço enviados no item | D22: POST /api/carrinho/calcular com o corpo: { "itens": [ { "produtoId": "P005", "quantidade": 1, "preco": 1, "precoUnitario": 0.01, "total": 0.01 } ] } | E22: A API ignora os valores enviados e usa o preço do catálogo: precoUnitario 100, subtotal 100 e total 119.9. | F22: Resultado esperado definido | G22: Sim | H22: TE-21.png | I22: Chega perto de "teste de segurança", que o enunciado exclui. É uma requisição só. Apague o cenário se preferir não arriscar.
A23: TE-22 | B23: 6. API chamada direto | C23: Campos de valores enviados no pedido | D23: POST /api/pedidos com o corpo: { "cliente": { "nome": "Maria Silva", "email": "maria@exemplo.com", "cep": "01310-100" }, "itens": [ { "produtoId": "P005", "quantidade": 1 } ], "subtotal": 1, "desconto": 99, "frete": 0, "total": 1, "freteGratis": true } | E23: 201, com os valores calculados pela API: subtotal 100, desconto 0, frete 19.9 e total 119.9. | F23: Resultado esperado definido | G23: Sim | H23: TE-22.png | I23: Chega perto de "teste de segurança", que o enunciado exclui. É uma requisição só. Apague o cenário se preferir não arriscar.
A24: TE-23 | B24: 6. API chamada direto | C24: Quantidade acima do limite, direto na API | D24: Enviar POST /api/pedidos com 1 item do produto P008, trocando a quantidade por: 1. 6 2. 100 3. 1000000 | E24: 422 com QUANTIDADE_MAXIMA_EXCEDIDA nos três casos (CA10). | F24: Falha conhecida | G24: Sim | H24: TE-23.png | I24: Reproduz o BUG-02: a API aceita quantidades acima de 5. Conferido em 06/10/2026: pedido confirmado (201) com 6 e com 10; cálculo aceito (200) com 100 e com 1000000.
A25: TE-24 | B25: 6. API chamada direto | C25: Métodos que a API não aceita | D25: Enviar: 1. PUT /api/pedidos 2. DELETE /api/pedidos 3. PATCH /api/carrinho/calcular 4. DELETE /api/produtos/P001 | E25: 405 com METODO_NAO_PERMITIDO em todos. | F25: Resultado esperado definido | G25: Sim | H25: TE-24.png
A26: TE-25 | B26: 6. API chamada direto | C26: Nome do cliente só com números | D26: Enviar POST /api/pedidos com um item válido e o nome "12 34". | E26: A documentação só exige "nome e sobrenome" e não diz se números contam como nome. Registrar: o pedido é aceito ou recusado? | F26: Registrar o comportamento | G26: Sim | H26: TE-25.png | I26: Na conferência de 06/10/2026 o pedido foi aceito (201).

Sheet Resumo
A1: Resumo dos testes exploratórios manuais
A2: Os números abaixo são calculados a partir da coluna Resultado da aba Roteiro.
A4: Cenários no roteiro | B4: =COUNTA(Roteiro!$A$2:$A$26) -> 25
A5: Passou | B5: =COUNTIF(Roteiro!$J$2:$J$26,"Passou") -> 0
A6: Falhou | B6: =COUNTIF(Roteiro!$J$2:$J$26,"Falhou") -> 0
A7: Observação | B7: =COUNTIF(Roteiro!$J$2:$J$26,"Observação") -> 0
A8: Ainda não executados | B8: =B4-SUM(B5:B7) -> 25
A9: Executados (%) | B9: =IF(B4=0,0,SUM(B5:B7)/B4) -> 0
A11: Sessão | B11: Cenários | C11: Passou | D11: Falhou | E11: Observação | F11: Pendentes
A12: 1. Cupom no carrinho | B12: =COUNTIF(Roteiro!$B$2:$B$26,$A12) -> 4 | C12: =COUNTIFS(Roteiro!$B$2:$B$26,$A12,Roteiro!$J$2:$J$26,"Passou") -> 0 | D12: =COUNTIFS(Roteiro!$B$2:$B$26,$A12,Roteiro!$J$2:$J$26,"Falhou") -> 0 | E12: =COUNTIFS(Roteiro!$B$2:$B$26,$A12,Roteiro!$J$2:$J$26,"Observação") -> 0 | F12: =B12-SUM(C12:E12) -> 4
A13: 2. Frete e valores | B13: =COUNTIF(Roteiro!$B$2:$B$26,$A13) -> 3 | C13: =COUNTIFS(Roteiro!$B$2:$B$26,$A13,Roteiro!$J$2:$J$26,"Passou") -> 0 | D13: =COUNTIFS(Roteiro!$B$2:$B$26,$A13,Roteiro!$J$2:$J$26,"Falhou") -> 0 | E13: =COUNTIFS(Roteiro!$B$2:$B$26,$A13,Roteiro!$J$2:$J$26,"Observação") -> 0 | F13: =B13-SUM(C13:E13) -> 3
A14: 3. Quantidade | B14: =COUNTIF(Roteiro!$B$2:$B$26,$A14) -> 2 | C14: =COUNTIFS(Roteiro!$B$2:$B$26,$A14,Roteiro!$J$2:$J$26,"Passou") -> 0 | D14: =COUNTIFS(Roteiro!$B$2:$B$26,$A14,Roteiro!$J$2:$J$26,"Falhou") -> 0 | E14: =COUNTIFS(Roteiro!$B$2:$B$26,$A14,Roteiro!$J$2:$J$26,"Observação") -> 0 | F14: =B14-SUM(C14:E14) -> 2
A15: 4. Finalização da compra | B15: =COUNTIF(Roteiro!$B$2:$B$26,$A15) -> 7 | C15: =COUNTIFS(Roteiro!$B$2:$B$26,$A15,Roteiro!$J$2:$J$26,"Passou") -> 0 | D15: =COUNTIFS(Roteiro!$B$2:$B$26,$A15,Roteiro!$J$2:$J$26,"Falhou") -> 0 | E15: =COUNTIFS(Roteiro!$B$2:$B$26,$A15,Roteiro!$J$2:$J$26,"Observação") -> 0 | F15: =B15-SUM(C15:E15) -> 7
A16: 5. Navegação e ambiente | B16: =COUNTIF(Roteiro!$B$2:$B$26,$A16) -> 4 | C16: =COUNTIFS(Roteiro!$B$2:$B$26,$A16,Roteiro!$J$2:$J$26,"Passou") -> 0 | D16: =COUNTIFS(Roteiro!$B$2:$B$26,$A16,Roteiro!$J$2:$J$26,"Falhou") -> 0 | E16: =COUNTIFS(Roteiro!$B$2:$B$26,$A16,Roteiro!$J$2:$J$26,"Observação") -> 0 | F16: =B16-SUM(C16:E16) -> 4
A17: 6. API chamada direto | B17: =COUNTIF(Roteiro!$B$2:$B$26,$A17) -> 5 | C17: =COUNTIFS(Roteiro!$B$2:$B$26,$A17,Roteiro!$J$2:$J$26,"Passou") -> 0 | D17: =COUNTIFS(Roteiro!$B$2:$B$26,$A17,Roteiro!$J$2:$J$26,"Falhou") -> 0 | E17: =COUNTIFS(Roteiro!$B$2:$B$26,$A17,Roteiro!$J$2:$J$26,"Observação") -> 0 | F17: =B17-SUM(C17:E17) -> 5
A18: Total | B18: =SUM(B12:B17) -> 25 | C18: =SUM(C12:C17) -> 0 | D18: =SUM(D12:D17) -> 0 | E18: =SUM(E12:E17) -> 0 | F18: =SUM(F12:F17) -> 25
A20: Composição do roteiro
A21: Resultado esperado definido | B21: =COUNTIF(Roteiro!$F$2:$F$26,A21) -> 20
A22: Registrar o comportamento | B22: =COUNTIF(Roteiro!$F$2:$F$26,A22) -> 3
A23: Falha conhecida | B23: =COUNTIF(Roteiro!$F$2:$F$26,A23) -> 2
A24: Conferidos na loja antes | B24: =COUNTIF(Roteiro!$G$2:$G$26,"Sim") -> 15
A25: Conferidos em parte | B25: =COUNTIF(Roteiro!$G$2:$G$26,"Em parte") -> 5
A26: Não conferidos antes | B26: =COUNTIF(Roteiro!$G$2:$G$26,"Não") -> 5
